dialogue_id,fold,text,label,predicted_label,correct,confidence_score
20180719-122534_38_live,1,"You are helping analyze a persuasion conversation. Predict whether the persuadee will make a donation on the spot at the end of this conversation. Provide your answer in the format 'DONATION: YES/NO'

Conversation:
Persuader (ER): It would be really helpful if you donated to Save the Children fund!
Persuadee (EE): What does the money go towards if I donate?
Persuader (ER): When crisis strikes and children are most vulnerable, we are always among the first to respond and the last to leave.
Persuader (ER): We ensure children's unique needs are met and their voices are heard.
Persuader (ER): We deliver lasting results for millions of children, including those hardest to reach.
Persuader (ER): We do whatever it takes for children ??Â¸??Â¸ transforming their lives and the future we share ??Â¸??Â¸ because we believe every child deserves a future.
Persuadee (EE): Where in the world are the children located?
Persuader (ER): US and global, wherever children need help, they are there.
Persuadee (EE): If I donate $25, does that go a long way?
Persuader (ER): Absolutely, a small amount of money for us turns out to be life changing for those in need.
Persuader (ER): A dollar can buy a lot!
Persuadee (EE): Will it help towards education?
Persuader (ER): Yes, it is one of the core programs.
Persuader (ER): It leads children out of poverty so is a large focus.
Persuadee (EE): Do you accept monthly donations of smaller amounts?
Persuader (ER): You can do a one time donation or a monthly subscription.
Summary: The conversation involves ER encouraging EE to donate to the Save the Children fund. ER explains that donations support crisis response, education, and long-term aid for vulnerable children globally. EE inquires about the impact of a $25 donation and the possibility of monthly contributions, to which ER confirms both are beneficial and accepted.",1,1,True,0.771484375
20180723-031022_254_live,1,"You are helping analyze a persuasion conversation. Predict whether the persuadee will make a donation on the spot at the end of this conversation. Provide your answer in the format 'DONATION: YES/NO'

Conversation:
Persuader (ER): Hello.
Persuadee (EE): hi
Persuader (ER): I'd like to recommend a donation to Save the Children.
Persuadee (EE): what exactly happened to these children's?
Persuader (ER): Save the Children supports many important childhood related causes, like helping to provide education and nutrition support to disadvantaged children.
Persuadee (EE): I'd like to know what specific ethnicity are we supporting
Persuader (ER): Oh, I see.
Persuader (ER): There is no specific targeted ethnicity, the program uses funds to assist children in many different locations.
Persuadee (EE): I see, can you go into a little bit more details about some of the childhood related causes ?
Persuader (ER): Sure.
Persuader (ER): A great example would be Save the Children's commitment to helping children suffering from disease.
Persuader (ER): During the 2014 ebola outbreak, funds were used to support hospitals in Sierra Leone to provide hospital beds and medical treatment for children suffering from the disease.
Persuadee (EE): ah, I see, that's very heartbreaking to here.
Persuadee (EE): I'd be glad to support the cause
Persuader (ER): That's great!
Persuader (ER): A very positive thing about Save the Children is that they are very good stewards of the donations they receive.
Persuader (ER): Almost 87% of all dollars donated go directly the programs supporting the children, so they have a very low overhead.
Persuadee (EE): I'm glad to hear that.
Summary: The conversation involves ER recommending a donation to Save the Children, explaining that the organization supports various childhood-related causes without targeting a specific ethnicity. ER provides examples, such as aiding children during the Ebola outbreak, and highlights the efficient use of donations. EE expresses interest in supporting the cause and appreciates the organization's low overhead costs.",1,1,True,0.5439453125
20180723-042421_113_live,1,"You are helping analyze a persuasion conversation. Predict whether the persuadee will make a donation on the spot at the end of this conversation. Provide your answer in the format 'DONATION: YES/NO'

Conversation:
Persuader (ER): This site Helps many child
Persuadee (EE): What kind of children does it help?
Persuader (ER): Their motto is to help children's future...that every child deserves a future
Persuadee (EE): What is the name of the organization?
Persuader (ER): Save the Children
Persuadee (EE): How do they help children?
Persuadee (EE): Food?
Persuadee (EE): Clothing?
Persuadee (EE): Shelter?
Persuadee (EE): Education?
Persuader (ER): They help in the children's basic need like food and clothing.
Persuader (ER): They help in whatever it takes for children to transforming their lives and the future
Persuadee (EE): Is this charity local?
Persuadee (EE): global?
Persuadee (EE): Just in my country (United States)?
Persuader (ER): This charity is from Fairfield Town in Connecticut
Persuadee (EE): I think  it's important to support initiatives to help children get a good education, and have the things they need to go to school and learn.
Persuadee (EE): How much should we donate?
Persuader (ER): Ya.. It's very important.
Persuader (ER): There are many way to donate money like one time gift, Monthly donor, and sponsorship for some children.
Persuadee (EE): Sponsorship of a child might be interesting....I'd like to know what my donation is being used for, and that it's actually helping someone.
Summary: The conversation discusses the organization Save the Children, which helps children by providing basic needs like food and clothing. The organization is based in Fairfield, Connecticut, and operates globally. The participants talk about the importance of supporting children's education and discuss various donation options, including one-time gifts, monthly donations, and child sponsorship, with an interest in knowing how the donations are used.",0,0,True,0.9638671875
20180723-091102_738_live,1,"You are helping analyze a persuasion conversation. Predict whether the persuadee will make a donation on the spot at the end of this conversation. Provide your answer in the format 'DONATION: YES/NO'

Conversation:
Persuader (ER): Hello chat partner!
Persuadee (EE): hi there!
Persuadee (EE): how are you?
Persuader (ER): Doing alright..
Persuader (ER): I have a fridge full of food and a roof over my head so I can't complain..
Persuadee (EE): same here!
Persuader (ER): Not everyone has it so it's good that you appreciate it
Persuader (ER): yeah..
Persuader (ER): I do..
Persuader (ER): my parents were always in a good situation to be able to raise me well.
Persuader (ER): but there are a lot of kids in the world who arent so fortunate'
Persuadee (EE): i know.
Persuadee (EE): it's so heartbreaking
Persuader (ER): im working for this organization right now Save the Children, do you know of it?
Persuadee (EE): no, i've never heard about it
Persuader (ER): its an NGO that helps children around the world.
Persuader (ER): kind of like those cheesy commercials you used to see on TV, but these guys actually do some really good work
Persuadee (EE): really?
Persuadee (EE): I would like to learn more about this organization.
Persuader (ER): yah?
Persuader (ER): have you ever thought about volunteering for something like this?
Summary: Two individuals discuss their appreciation for having basic necessities and acknowledge that not everyone is as fortunate. One person, ER, mentions working for Save the Children, an NGO that helps children globally, and suggests volunteering. The other person, EE, expresses interest in learning more about the organization.",0,1,False,0.5732421875
20180723-113128_856_live,1,"You are helping analyze a persuasion conversation. Predict whether the persuadee will make a donation on the spot at the end of this conversation. Provide your answer in the format 'DONATION: YES/NO'

Conversation:
Persuader (ER): Hi, how much do you know about Save the Children?
Persuadee (EE): I'm afraid I don't know anything about Save the Children.
Persuader (ER): It's an international organization that promotes education, health and safety for all children.
Persuadee (EE): Oh, that's great!
Persuadee (EE): What sort of assistance do they offer specifically?
Persuader (ER): They currently have an initiative to assist children at the Mexican/American border.
Persuader (ER): They also recently aided children impacted by flooding in Japan.
Persuadee (EE): Wow, they really help people all around the world.
Persuadee (EE): Are you at all associated with Save the Children?
Persuader (ER): I've been a donor and advocate for years.
Persuader (ER): It's really easy to get involved.
Persuadee (EE): Oh, really?
Persuadee (EE): What's the best way to get involved in your opinion?
Persuader (ER): Considering the monumental need, there is always a need for funding. Even small donations have a huge impact.
Persuadee (EE): Do you know where I can go to donate?
Persuader (ER): The research team here can transfer a donation for you.
Persuadee (EE): That'd be fantastic!
Persuadee (EE): Do you know where Save the Children mainly operates out of?
Persuader (ER): The main headquarters is in Fairfield, CT, and there is also office in Washington DC.
Persuadee (EE): They actually have an office near me then.
Summary: In the conversation, ER introduces Save the Children to EE, explaining it as an international organization focused on children's education, health, and safety. ER highlights their initiatives at the Mexican/American border and in Japan. EE expresses interest in getting involved, and ER suggests donating as a significant way to help. ER also mentions the organization's headquarters in Fairfield, CT, and an office in Washington, DC, which is near EE.",1,1,True,0.74853515625
20180808-001810_178_live,1,"You are helping analyze a persuasion conversation. Predict whether the persuadee will make a donation on the spot at the end of this conversation. Provide your answer in the format 'DONATION: YES/NO'

Conversation:
Persuader (ER): Hi!
Persuadee (EE): Hi
Persuader (ER): So there's a great charity called Save the Children.
Persuader (ER): HAve you heard of it?
Persuadee (EE): yes, I believe i have , is it for kids with Cancer?
Persuader (ER): Yes it is.
Persuader (ER): It is to help kids with unfortunate diseases and things of that nature.
Persuader (ER): I feel heartbroken for some of these kids.
Persuadee (EE): I also hate seeing children so helpless.
Persuadee (EE): I think this charity also helps with kids over seas in haiti too.
Persuader (ER): Yes it does.
Persuader (ER): Overall, it has gotten great reviews and many people who have donated feel gratified for doing their small part in potentially saving someone's life.
Persuader (ER): I have donated before to the charity.
Persuadee (EE): I was just about to mention that I never really have donated to any organization.
Persuadee (EE): if there is one i support it would definately be this one.
Persuadee (EE): I am sure there are many ways to help
Persuader (ER): Yes, absolutely.
Persuader (ER): I remember when I donated, the foundation sent me an update about how one of the patients was doing.
Persuader (ER): It felt great to see a little reflection of what my donation was helping to do.
Persuadee (EE): That is amazing!!!
Persuadee (EE): I will absolutely look to donating something later, just because I have always wanted to anyways and now this so why not.
Persuadee (EE): anything helps and It would make me feel better to know that I tried even if it not a big amount, I will donate what I can and continue.
Persuader (ER): Okay great.
Persuader (ER): That sounds perfect.
Persuader (ER): How much would you like to donate now?
Persuader (ER): It could be any amount from $0 to what your payment for this task would be.
Summary: Two individuals discuss the charity Save the Children, which aids children with cancer and other diseases. One person has donated before and shares their positive experience, while the other expresses interest in donating for the first time, feeling inspired to contribute to the cause. They discuss the impact of donations and the satisfaction of helping, with the conversation concluding on the note of deciding how much to donate.",0,1,False,0.99462890625
20180808-020257_457_live,1,"You are helping analyze a persuasion conversation. Predict whether the persuadee will make a donation on the spot at the end of this conversation. Provide your answer in the format 'DONATION: YES/NO'

Conversation:
Persuader (ER): Hello, how are you today?
Persuadee (EE): I am doing good and you?
Persuader (ER): I am fine thanks, It's not been a long time I am on MTurk, but It is interesting how they are working on donating, Are you interested in donating?
Persuadee (EE): Yes I donate to a few causes like breast cancer for women, autism awareness and March of dimes for children.
Persuader (ER): that is so nice of you.
Persuader (ER): Have you ever heard about the organization ""Save the Children"" ?
Persuadee (EE): Yes I have but don't know a whole lot about them since there are so many children related charities.
Persuader (ER): This is one of the biggest charities working for children.
Persuader (ER): They work in almost 120 countries and on different issues related to children.
Persuadee (EE): OK I will educate myself on them when we are done with our conversation.
Persuader (ER): That is good, We can talk about it too.
Persuader (ER): It is their website if you like to visit:  URL
Persuadee (EE): OK thanks.
Persuadee (EE): I reviewed the site quickly.
Persuadee (EE): Sure is sad to see so many children in distress around the world.
Persuader (ER): Yes it makes me very sad too, but it is also nice to be able to help small even small amount.
Persuader (ER): I have a soft heart for children
Persuadee (EE): Me too, since I am a parent of 2 children myself.
Persuadee (EE): As a parent you want to do all you can for them.
Persuader (ER): I agree with you.
Persuader (ER): It makes my heart happy how people care about children.
Persuader (ER): I think HIT donation is a good thin since websites usually have minimum payment option, but on HITs we can donate 1 cent or more, makes it so much easier.
Persuadee (EE): Yes I don't mind if there is a feature I can turn on where every hit I do, a few cents go to the charity of my choice.
Summary: The conversation revolves around charitable donations, with ER and EE discussing their interest in supporting various causes. ER introduces ""Save the Children"" as a significant charity working globally for children's welfare. EE expresses interest in learning more about the organization. Both participants share a mutual concern for children's well-being, especially as parents, and discuss the ease of donating through MTurk, highlighting the potential for small contributions to make a difference.",1,1,True,0.771484375
20180808-032041_562_live,1,"You are helping analyze a persuasion conversation. Predict whether the persuadee will make a donation on the spot at the end of this conversation. Provide your answer in the format 'DONATION: YES/NO'

Conversation:
Persuader (ER): Have you ever heard of the 'Save The Children' charity?
Persuadee (EE): I have!
Persuadee (EE): I think it's a great chairty.
Persuader (ER): I think the work they do is great.
Persuader (ER): Helping kids in impoverished nation is a really noble thing to do.
Persuadee (EE): I agree, how frequently do you donate?
Persuader (ER): I generally do my charitable donations around Christmas, when I had an influx of extra cash.
Persuader (ER): You?
Persuadee (EE): Similiar, I only donate when I have the money to spare.
Persuader (ER): You can help now!
Persuader (ER): You can donate any amount from your task payment to Save the Children now if you'd like.
Persuadee (EE): I'm not sure if I want to, but I can give a little.
Persuader (ER): How much would you like to give?
Persuader (ER): The research team will collect all donations and send them to Save the Children.
Persuadee (EE): I'll give 5 cents.
Persuader (ER): I'll do the same.
Persuadee (EE): Great, I'm glad we're helping a little.
Summary: ER and EE discuss the 'Save The Children' charity, agreeing on its importance. They both donate to charities when financially able, typically around Christmas. ER suggests donating part of their task payment to the charity now. EE agrees to donate 5 cents, and ER matches the amount, expressing satisfaction in contributing, even if it's a small amount.",0,0,True,0.7763671875
20180808-032124_114_live,1,"You are helping analyze a persuasion conversation. Predict whether the persuadee will make a donation on the spot at the end of this conversation. Provide your answer in the format 'DONATION: YES/NO'

Conversation:
Persuader (ER): Have you thought about how much of the reward for this HIT you want to donate to Save the Children?
Persuadee (EE): I do not want to donate any of my reward for this hit.
Persuadee (EE): I make donations to charity regularly but not from jobs that I do.
Persuader (ER): Save the Children is a great international no-governmental organization that promotes children's rights, provides relief and helps support children in developing countries.
Persuader (ER): It has a very low overhead and almost all the money donated to it is directly used to help children.
Persuadee (EE): I know that it is a good organization and I support them.
Persuadee (EE): However I am not getting a reward from this hit.
Persuadee (EE): I am spending my time completing it so I am being paid for a job.
Persuadee (EE): I want the money to do with as I choose.
Persuader (ER): Save the Children has helped build hundreds of schools in developing nations around the world.
Persuader (ER): They've educated many children who have gone on to do important medical and other life saving jobs.
Persuadee (EE): I still do not want to make a donation from this money.
Persuader (ER): Another example is in Syria over 1,000 children have already been killed this year!
Persuader (ER): Save the Children is helping to evacuate as many children as possible from that country.
Persuader (ER): Don't you think every child deserves a long and happy life?
Persuadee (EE): Yes I do think that they do.
Persuader (ER): Don't you want to be part of the solution by giving as much money as possible to Save the Children so they can help as many children as possible?
Persuadee (EE): I do not want to make a donation today.
Persuader (ER): Think about how you were probably going to just waste the measly reward amount you were being offered for this HIT on junk food or coffee and think about what amazing things Save the Children would be able to do with that money.
Persuadee (EE): I am not going to waste the reward.
Persuadee (EE): I use it for things that my family needs.
Persuader (ER): Think about how much more those poor kids in developing countries needs the money.
Persuader (ER): Your family is rich enough to live in a first world country and have food on a daily basis.
Summary: In the conversation, ER is trying to persuade EE to donate their reward from a task to Save the Children, highlighting the organization's impact and the needs of children in developing countries. Despite acknowledging the organization's value, EE insists on keeping the reward for personal use, emphasizing that they regularly donate to charity but not from their earnings for specific jobs. ER continues to press the issue, but EE remains firm in their decision.",0,0,True,0.7763671875
20180808-035715_390_live,1,"You are helping analyze a persuasion conversation. Predict whether the persuadee will make a donation on the spot at the end of this conversation. Provide your answer in the format 'DONATION: YES/NO'

Conversation:
Persuader (ER): Hello, how are you doing today?
Persuadee (EE): Good thanks!
Persuadee (EE): You?
Persuader (ER): Very well.
Persuader (ER): Do you have any particular hobbies that you enjoy?
Persuadee (EE): Mostly into hiking these days - how about you?
Persuadee (EE): Do you have any info on this children's charity we're supposed to talk about?
Persuader (ER): I like to play golf, as well as go on walks with my dog.
Persuader (ER): Yes, the charity sounds like it does a lot of great work.
Persuadee (EE): Walks with the dog sound awesome.
Persuadee (EE): I wasn't given any information about the charity but am happy to help.
Persuader (ER): Great!
Persuader (ER): I have three children myself, and the welfare of children around the world is a very important cause to me.
Persuader (ER): Save the Children is an international organization that is not involved with any government, and they're able to promote children's rights and support kids in developing countries.
Persuadee (EE): Sounds like great work.
Persuadee (EE): I donate to a lot of different causes but am happy to pitch in.
Persuadee (EE): Are we attempting to agree on a donation amount?
Persuader (ER): That might be a good idea.
Persuader (ER): Just to give some more info, they are a charity you can trust to actually do the work they promise to do.
Persuader (ER): Any donation we give will make an impact around the world.
Persuadee (EE): Very cool, I have heard of them but never looked into them too closely.
Persuadee (EE): Do you already donate to them?
Persuadee (EE): Monthly or one-time?
Persuader (ER): You can do either.
Persuader (ER): I prefer monthly, just so it fits in my budget easier.
Summary: ER and EE are discussing their hobbies and a children's charity. ER enjoys golf and walking with their dog, while EE is into hiking. They talk about ""Save the Children,"" an international organization supporting children's rights. ER, who has three children, emphasizes the charity's impact and suggests discussing a donation amount. EE is open to contributing and inquires about donation options, to which ER explains they prefer monthly donations for budgeting reasons.",0,1,False,0.75390625
20180808-040435_931_live,1,"You are helping analyze a persuasion conversation. Predict whether the persuadee will make a donation on the spot at the end of this conversation. Provide your answer in the format 'DONATION: YES/NO'

Conversation:
Persuader (ER): Good Morning!
Persuader (ER): I'm hoping you can help me out to today.
Persuadee (EE): Sure, as long as you can help me out as well... you see, I have a child that is overseas, in a warzone.
Persuadee (EE): they are hungry and injured and also short
Persuader (ER): I'm so sorry, what a terrible thing.
Persuader (ER): Well not being short, that's fine.
Persuadee (EE): yeah, i mean, i guess
Persuader (ER): I am also here to help children in underprivileged areas, by supporting the Save the Children Charity
Persuadee (EE): what is save the children
Persuader (ER): Save the Children promotes rights and provides support for children in serious situations.
Persuader (ER): They work to get food, medical help and education to poor children in under developed countries.
Persuadee (EE): do they help lots of kids
Persuader (ER): Very much so.
Persuadee (EE): do they help kids in africa too
Persuader (ER): They absolutely do.
Persuadee (EE): do they provide medical help too though?
Persuader (ER): That's a very large part of their mission yes.
Summary: The conversation involves ER and EE discussing the Save the Children charity. ER explains that the organization supports underprivileged children by providing food, medical help, and education, including in Africa. EE, who has a child in a warzone, inquires about the charity's work and its impact on children in need.",0,0,True,0.88818359375
20180808-052501_689_live,1,"You are helping analyze a persuasion conversation. Predict whether the persuadee will make a donation on the spot at the end of this conversation. Provide your answer in the format 'DONATION: YES/NO'

Conversation:
Persuader (ER): Would you like to donate to a Charity called Save the Children?
Persuadee (EE): Hi, it all depends on who you really are, if it's for a person very close to me if I'm willing
Persuader (ER): It would go to supporting children in developing countries, especially in war zones.
Persuader (ER): For instance, millions of Syrian children have grown up facing the daily threat of violence.
Persuader (ER): In the first two months of 2018 alone, 1,000 children were reportedly killed or injured in intensifying violence.
Persuadee (EE): if I would agree with that, and if my organ donated what problems would my body have?
Persuadee (EE): the operation has risks
Persuader (ER): I am not asking for an organ donation, but more of a financial one.
Persuader (ER): You can give any amount, even as little as $0.01 can help.
Persuadee (EE): oh ok I'm sorry I have read wrong, if I would be willing to donate with pleasure is a good cause
Persuader (ER): How much would you like to donate?
Persuadee (EE): I am willing to donate $ 10
Persuader (ER): Fantastic, you are a very generous person and this money will help the cause greatly
Persuadee (EE): Not that, there are many needs in the world and this is a good cause
Persuader (ER): Yes, you are helping to ensure children's rights to health, education, safety, etc.
Summary: The conversation involves a request for a financial donation to the charity Save the Children, which supports children in developing countries, especially in war zones. Initially, there was a misunderstanding about the type of donation, but once clarified, the potential donor agreed to contribute $10, acknowledging the importance of the cause. The exchange highlights the donor's willingness to help and the charity's focus on children's rights to health, education, and safety.",1,0,False,0.82177734375
20180808-074917_388_live,1,"You are helping analyze a persuasion conversation. Predict whether the persuadee will make a donation on the spot at the end of this conversation. Provide your answer in the format 'DONATION: YES/NO'

Conversation:
Persuader (ER): Hi, how are you today?
Persuadee (EE): okay..and how are you
Persuader (ER): I'm doing great.
Persuader (ER): Out of curiousity, have you heard of the organization Save the Children?
Persuadee (EE): yes..i am very familiar..
Persuadee (EE): are you involved with charity
Persuader (ER): Yes!
Persuader (ER): I really prefer local charities but some nationwide and international ones are very dear to my heart.
Persuader (ER): Whenever we have the opportunity to donate from our task rewards I always try to give a little bit.
Persuadee (EE): me too..i see many commercials for charity on TV and it breaks my heart..
Persuadee (EE): i am also a follower of Unicef, are you familiar
Persuader (ER): Yes, I've heard of Unicef.
Persuader (ER): Another great organization.
Persuader (ER): One thing I love about Save the Children is that they have very high ratings from third-party reportings.
Persuader (ER): I know when I donate to them that my money is being used wisely!
Persuadee (EE): interesting, what do the ratings represent
Persuader (ER): The ratings are from different companies such as Better Business Bureau and American Institute of Philanthropy.
Persuader (ER): They actually get the financial reports from the IRS to confirm the accuracy in where the funds are going.
Persuadee (EE): very good...are you interested in other charities involved with children
Persuader (ER): I have given to other organizations in the past, such as World Vision, but Save the Children is really important to me right now.
Persuader (ER): There is such a lack of support right now in developing countries, and Save the Children really focuses on that.
Persuadee (EE): i happen to favor unicef since my kids collect for halloween and kids count monies as part of class project.
Persuader (ER): I totally understand that.
Persuader (ER): One thing I like about Save the Children is that it isn't just global but also focuses on kids in need here in the USA, especially the poverty-torn cities.
Persuadee (EE): i tend to give up to 100$ a month to children's org- what is your prefered donation?
Summary: The conversation revolves around ER and EE discussing their involvement with charities, particularly those focused on children. ER expresses a preference for Save the Children due to its high ratings and effective use of funds, while EE favors UNICEF, partly due to personal involvement through their children's school projects. Both share a commitment to donating to children's organizations, with EE mentioning a monthly contribution of up to $100.",0,1,False,0.97900390625
20180808-075748_956_live,1,"You are helping analyze a persuasion conversation. Predict whether the persuadee will make a donation on the spot at the end of this conversation. Provide your answer in the format 'DONATION: YES/NO'

Conversation:
Persuader (ER): Hello!
Persuadee (EE): HI there!
Persuadee (EE): Are you having a good day?
Persuader (ER): Doing well!
Persuader (ER): I hope your day is the same!
Persuader (ER): So I gave been assigned the role here to get you to make a donation to the Save The Children Foundation.
Persuadee (EE): OK, i have donated to them before!!
Persuader (ER): Oh really!
Persuader (ER): That's great.
Persuader (ER): I am checking out their website and they look like a great organization.
Persuader (ER): Much of the funds donated go to help children dealing in the war torn violence of Syria.
Persuadee (EE): That sounds fantastic!
Persuadee (EE): How do I make the donation?
Persuader (ER): How much do you like to donate to the charity now?
Persuader (ER): Your donation will be directly deducted from your task payment.
Persuader (ER): You can choose any amount from $0 to all your payment.
Persuadee (EE): I would like to donate 20 cents
Persuader (ER): Great!
Persuader (ER): That's awesome.
Persuader (ER): I am going to donate as well.
Persuader (ER): We get $2.00 for this HIT so let's donate $1 each and make serious impact for children!
Persuadee (EE): I actually really need the money that I am making from this hit, so I would only like to donate 20 cents
Persuader (ER): How about $.50?
Summary: The conversation involves ER encouraging EE to donate to the Save The Children Foundation. EE has donated before and is willing to contribute 20 cents from their task payment. ER suggests increasing the donation to 50 cents, highlighting the impact of their contributions on children affected by war in Syria.",0,0,True,0.623046875
20180825-052611_640_live,1,"You are helping analyze a persuasion conversation. Predict whether the persuadee will make a donation on the spot at the end of this conversation. Provide your answer in the format 'DONATION: YES/NO'

Conversation:
Persuader (ER): I am supposed to get you to donate some of your payment to a children's charity.
Persuadee (EE): Could you tell me more about the charity?
Persuader (ER): It appears to be comething called Save the Children.
Persuader (ER): I have no other information.
Persuadee (EE): Where did you get that information and who specifically is the money going to?
Persuader (ER): The information is coming from the person who provided this hit.
Persuader (ER): They don't say who the money is going to.
Persuadee (EE): People aren't likely to donate to charities that they know nothing about.
Persuader (ER): Good point.
Persuader (ER): I don't like children but perhaps you do.
Persuadee (EE): I\'m not going to donate to some generic ""Save the Children"" charity with no information.
Persuadee (EE): So, do we need to chat back and forth a few for times for this to be over?
Persuader (ER): I found some more info:   Save the Children is an international non-governmental organization that promotes children's rights, provides relief and helps support children in developing countries.
Persuadee (EE): What's their website address?
Persuader (ER): The address is  URL
Persuadee (EE): Good to know.
Summary: In the conversation, ER is trying to persuade EE to donate part of their payment to a children's charity called Save the Children. EE is hesitant due to a lack of information about the charity. ER provides some additional details about the organization, mentioning it supports children's rights and provides relief in developing countries. EE requests the charity's website for further information.",0,0,True,0.93994140625
20180825-063009_943_live,1,"You are helping analyze a persuasion conversation. Predict whether the persuadee will make a donation on the spot at the end of this conversation. Provide your answer in the format 'DONATION: YES/NO'

Conversation:
Persuader (ER): Hi WOuld you like to donate your payment for this task to save the children?
Persuadee (EE): No, to be honest I am doing this task to save up extra money for myself.
Persuader (ER): I understand that.
Persuader (ER): But it's only .30 of the money you are saving.
Persuader (ER): It could do alot of good for Save the children.
Persuadee (EE): I appreciate your position, but what exactly is Save the Children and how do I know that money will truly be used to help kids?
Persuader (ER): The researchers of this hit will make sure the money goes to save the children.
Persuader (ER): Save the Children is a world wide organization that helps kids in war torn areas.
Persuadee (EE): It sounds like a good idea, but I often get peppered with requests to donate money to various charities -- when I donate I do it to causes that I know about.
Persuadee (EE): If I donated to every cause I would be giving away a lot of money and I already lose 20% to taxes.
Persuader (ER): Your right, but I'm not asking for much.
Persuader (ER): It's only .30 cents and It will do alot to help.
Persuadee (EE): What exactly would that 30 cents be used for and how would it help?
Persuadee (EE): What part of the world will it go to?
Persuader (ER): It would go all over the world!
Persuader (ER): The money is used to promote childrens rights and provide food and medicine.
Persuadee (EE): I have to respectfully question the necessity -- don't my taxes already go towards billions of dollars of foreign aid?
Persuadee (EE): And why do so many of these countries continually need help?
Persuader (ER): Well, lets get specific.
Persuader (ER): Have you seen the kids in Syria?
Summary: In this conversation, ER is trying to persuade EE to donate a small portion of their payment to Save the Children, a global organization aiding children in war-torn areas. EE is hesitant, expressing concerns about the effectiveness and necessity of such donations, given their personal financial goals and existing tax contributions. ER attempts to address these concerns by highlighting the organization's global impact and the specific needs of children in places like Syria.",0,0,True,0.97900390625
20180825-064838_945_live,1,"You are helping analyze a persuasion conversation. Predict whether the persuadee will make a donation on the spot at the end of this conversation. Provide your answer in the format 'DONATION: YES/NO'

Conversation:
Persuader (ER): hi!
Persuadee (EE): hi, how are you?
Persuader (ER): I am well, thank you
Persuadee (EE): I guess we're supposed to be talking about a children's charity..?
Persuader (ER): yes, do you donate to charities often?
Persuadee (EE): No, not really.
Persuadee (EE): Do you?
Persuader (ER): I try to do what I can, but its hard sometimes
Persuadee (EE): I agree.
Persuadee (EE): What would motivate you to donate to a children's charity?
Persuader (ER): I think save our children is incredibly important, becuase children are the ones who need it most.
Persuadee (EE): You're right, it is very important.
Persuadee (EE): Would you prefer to donate clothes, food, money, or something else?
Persuader (ER): With save the children, money is most important, since they can use it to get all of the necessary needs for children met.
Persuadee (EE): That makes sense.
Persuadee (EE): We should donate money then.
Persuader (ER): I completely agree.
Summary: ER and EE are discussing donating to a children's charity. ER mentions the importance of ""Save the Children"" and prefers donating money, as it helps meet children's needs. EE agrees with the importance and suggests they should donate money.",0,0,True,0.923828125
20180825-070900_49_live,1,"You are helping analyze a persuasion conversation. Predict whether the persuadee will make a donation on the spot at the end of this conversation. Provide your answer in the format 'DONATION: YES/NO'

Conversation:
Persuader (ER): Hi there how are you doing today?
Persuadee (EE): Hey I'm fine.
Persuadee (EE): How are you doing?
Persuader (ER): I am doing really good.
Persuader (ER): So, what are you up to today?
Persuadee (EE): I've been thinking about donating to a children's charity.
Persuadee (EE): I can't decide which onne.
Persuader (ER): I was going to ask you if you would be interested in donating to Save the Children.
Persuader (ER): How do you feel about this charity?
Persuadee (EE): I have heard about it but I can't remember it's mission.
Persuadee (EE): Do you know that charity's mission?
Persuader (ER): They provide kids with the basic things they need like food and clothing.
Persuader (ER): I really like their mission.
Persuader (ER): I really feel badly for the kids.
Persuader (ER): Don't you?
Persuadee (EE): Yes, it tugs at my heart to think of all of those children.
Persuadee (EE): Do you know where the charity is headquatered?
Persuader (ER): They are based in CT.
Persuader (ER): I feel that it would be easy to donate.
Persuader (ER): I know I spend on little things like a candy bar or gum.
Persuader (ER): I know I could give up spending on this and it would help the kids.
Persuader (ER): Could you donate anything to them?
Persuadee (EE): yes I can.
Persuadee (EE): I can donate 10 dollars.
Persuader (ER): Wow!
Persuader (ER): that is so great.
Persuader (ER): Thank you so much.
Persuader (ER): Are you hoping that the money goes to a certain cause like food or clothes?
Persuadee (EE): OH, yeah food please.
Persuadee (EE): Gotta feed the hungry first
Persuader (ER): Yes!
Summary: ER and EE discuss donating to a children's charity. EE is considering donating but is unsure which charity to choose. ER suggests Save the Children, explaining its mission to provide basic needs for kids. EE is moved by the cause and decides to donate $10, specifying that it should go towards food. ER expresses gratitude and agrees with the importance of feeding the hungry.",1,1,True,0.953125
20180825-073813_141_live,1,"You are helping analyze a persuasion conversation. Predict whether the persuadee will make a donation on the spot at the end of this conversation. Provide your answer in the format 'DONATION: YES/NO'

Conversation:
Persuader (ER): Have you ever heard of ""Save the Children""?
Persuader (ER): It an agency that helps children in underdeveloped and developing countries.
Persuadee (EE): No, I actually haven't .
Persuadee (EE): Do you have any more information about the organization that you could tell me?
Persuader (ER): it is not sponsored or supported by any governmental agencies and it helps children abroad and within the US.
Persuader (ER): You would be shocked at how many children live in poverty here in the United States.
Persuadee (EE): I have an idea.
Persuadee (EE): Whats a more specific idea of what you do?
Persuadee (EE): How do you help?
Persuadee (EE): Whats their overall goal?
Persuader (ER): Well, a very specific goal right is to help the children that are separated from their parents due to our current immigration problem.
Persuader (ER): Can you imagine someone taking your small child away from you and not knowing where they are going, who is going to be caring for them, or if you will ever be able to see them again?
Persuader (ER): As a mother, that thought is horrifying.
Persuadee (EE): It is horrifying, I could not even imagine.
Persuadee (EE): What do you need me to do?
Persuader (ER): Save the Children has committed to providing some of the care and needs for these children until they can be reunited with their parents.
Persuader (ER): Would you be willing to donate your pay for this task to Save the Children so they can continue to provide care for these misplaced children?
Persuadee (EE): My pay?
Persuadee (EE): As in my weekly paycheck?
Persuadee (EE): Or are there any other payment options, as I have bills to pay.
Persuader (ER): No, but you could donate part of your pay for this particular task here.
Summary: In the conversation, ER introduces ""Save the Children,"" an organization aiding children in poverty and those separated from their parents due to immigration issues. EE, unfamiliar with the organization, inquires about its goals and how they can help. ER explains the organization's mission and asks if EE would consider donating part of their pay to support the cause. EE expresses concern about financial commitments and seeks alternative donation options.",0,0,True,0.93408203125
20180825-081502_364_live,1,"You are helping analyze a persuasion conversation. Predict whether the persuadee will make a donation on the spot at the end of this conversation. Provide your answer in the format 'DONATION: YES/NO'

Conversation:
Persuader (ER): Hi!
Persuader (ER): How are you today?
Persuadee (EE): Hey there how's it going?
Persuader (ER): Pretty good I am sitting on my desk enjoying this beautiful weather.
Persuader (ER): How about you?
Persuadee (EE): Today is beautiful!!
Persuadee (EE): I think it's time to take a walk a little later!
Persuader (ER): That sounds like a great idea!
Persuader (ER): How do you feel about children's charities?
Persuadee (EE): It depends on the charity!
Persuadee (EE): There are some good ones and some that have turned out to be scams.
Persuader (ER): I agree with that 100%.
Persuader (ER): My charity of choice is Save The Children.
Persuader (ER): Have you heard of that charity before?
Persuadee (EE): I have not!
Persuadee (EE): Do you work for them or have you donated with them before?
Persuader (ER): I donate to them regularly.
Persuader (ER): They do so much good for under privileged kids.
Persuadee (EE): What kind of stuff do they do to help the children?
Persuader (ER): They feed so many starving children.
Persuader (ER): They do a lot for kids, you should visit their website. Www. URL
Persuadee (EE): Oh that's great!!
Persuadee (EE): I think children deserve all the help they can get.
Persuadee (EE): Is this an American charity?
Persuader (ER): Yes it is!
Persuader (ER): You know you can donate a portion of your payment from this directly to Save The Children.
Summary: ER and EE are discussing the beautiful weather and considering taking a walk. The conversation shifts to children's charities, with ER expressing support for Save The Children, a charity they regularly donate to. ER explains the charity's work in feeding and helping underprivileged kids, encouraging EE to visit their website. ER also mentions that donations can be made directly from payments to support the charity.",0,1,False,0.77685546875
20180825-082635_438_live,1,"You are helping analyze a persuasion conversation. Predict whether the persuadee will make a donation on the spot at the end of this conversation. Provide your answer in the format 'DONATION: YES/NO'

Conversation:
Persuader (ER): I am so livid I just can't stand it right now.
Persuader (ER): Parts of this world are so dark...
Persuader (ER): how can we sit here and do nothing?
Persuadee (EE): Do nothing about what?
Persuader (ER): These poor suffering children!
Persuader (ER): Did you know that 5.6 million children die each year due to treatable AND preventable diseases?
Persuadee (EE): That's awful.
Persuadee (EE): Are you talking about around the world or in the states?
Persuader (ER): Around the world!
Persuader (ER): There is so much that could be done..
Persuader (ER): between preventing the spread of aids, reducing the infant mortality rate with proper education and vaccinations, and ensuring access and aid to proper nutrition so many children could be saved.
Persuadee (EE): I totally agree.
Persuadee (EE): There are people helping but its a drop in the bucket.
Persuadee (EE): The kids dying is really disturbing.
Persuadee (EE): They didn't choose that life.
Persuader (ER): You are absolutely right.
Persuader (ER): It is disturbing!
Persuader (ER): And yes, it could seem like the aid is a drop in a bucket.
Persuader (ER): However, if we can move the scale one iota and can consider that what that represents is one child having a week of meals or a healthy 3 months than wouldn't you agree that that would be worth any aid that we could provide?
Persuadee (EE): Absolutely!
Persuadee (EE): I think every little bit helps but as a whole it's not enough.
Persuadee (EE): Have you ever donated?
Persuader (ER): I have!
Persuader (ER): And it feels incredible knowing that I have been a part of something greater than myself.
Persuader (ER): It really helps you shift your perspective about your own personal significance on this planet.
Persuader (ER): You realize how infinitely important you are and yet at the same time how infinitely important another person is.
Persuader (ER): When you have the ability to literally change another person's life with something so small...
Persuader (ER): wow, it's life changing.
Persuadee (EE): That is great!
Persuadee (EE): you sound very passionate about this subject.
Persuadee (EE): I should do more to help.
Persuader (ER): You should!
Persuader (ER): and you can!
Persuader (ER): I recently have become acquainted with a charity that is actually doing everything we have discussed and is seeing some real results!
Persuader (ER): They have managed to single handedly reduce the infant mortality rate by 62 percent, can you believe that?
Persuadee (EE): That is an incredible figure!!!
Persuadee (EE): 62% is amazing.
Persuadee (EE): What is the charity?
Persuadee (EE): I may consider a donation.
Persuader (ER): The charity is called Save the Children!
Summary: In the conversation, ER expresses frustration over global child mortality due to preventable diseases, highlighting the need for action. EE agrees and asks about ER's involvement. ER shares their experience of donating and the impact it has had on their perspective. They discuss the effectiveness of aid and ER introduces a charity, Save the Children, which has significantly reduced infant mortality. EE shows interest in potentially donating to the cause.",1,0,False,0.65771484375
20180825-112434_860_live,1,"You are helping analyze a persuasion conversation. Predict whether the persuadee will make a donation on the spot at the end of this conversation. Provide your answer in the format 'DONATION: YES/NO'

Conversation:
Persuader (ER): Have you heard of the charity Save the Children?
Persuadee (EE): No, I don't believe I have.
Persuadee (EE): What are their goals?
Persuader (ER): They give children a healthy start in life, the opportunity to learn and protection from harm.
Persuader (ER): When crisis strikes, they are always among the first to respond and the last to leave.
Persuader (ER): They do whatever it takes to save children, transforming their lives and the future we all share.
Persuadee (EE): That sounds like an amazing charity.
Persuadee (EE): That is something I could really get behind.
Persuader (ER): It's a great charity that has helped more than 155 million children in 120 countries.
Persuader (ER): Do you ever donate to charity?
Persuadee (EE): Yeah, I donate here and there.
Persuadee (EE): If I'm in the right place at the right time or am given an opportunity.
Persuader (ER): Save the Children is a wonderful charity to donate to.
Persuader (ER): 86% of money raised goes directly to the children.
Persuader (ER): Would you be interested in donating to Save the Children?
Persuadee (EE): Where does the other percentage of donations go?
Persuadee (EE): I would possibly be interested!
Persuader (ER): 9% goes to fundraising and 5% goes to management and general expenses.
Persuader (ER): Please ask any questions you may have.
Persuader (ER): I want you to feel comfortable knowing your donation is really going to help children.
Persuadee (EE): What areas of the world do they cover?
Persuadee (EE): Is it an international charity, or exclusive to the US or another country?
Persuader (ER): The charity helps children in the US and worldwide.
Persuader (ER): Africa, Asia, and the US are the top regions receiving aid from Save the Children.
Persuader (ER): Your donation goes a long way too!
Persuadee (EE): What is the average donation amount that most donors contribute at one time?
Persuader (ER): I don't have that information at hand, but even .30 cents goes a long way!
Summary: ER introduces the charity Save the Children to EE, highlighting its mission to support children globally. ER explains the allocation of donations and emphasizes the charity's impact. EE expresses interest in potentially donating and inquires about the charity's reach and typical donation amounts. ER assures EE of the charity's effectiveness and encourages any further questions.",0,1,False,0.9267578125
20180825-112615_516_live,1,"You are helping analyze a persuasion conversation. Predict whether the persuadee will make a donation on the spot at the end of this conversation. Provide your answer in the format 'DONATION: YES/NO'

Conversation:
Persuader (ER): Hi.
Persuader (ER): Are you familiar with Save the Children?
Persuadee (EE): Hello.
Persuadee (EE): I am not familiar with Save the Children
Persuader (ER): It is worldwide and helps to feed, shelter and educate underprivileged kids around the world.
Persuadee (EE): I think that is a very good charity that appears to be doing good work.
Persuadee (EE): Do you currently volunteer with this charity?
Persuader (ER): I do.
Persuader (ER): I help collect donations so the optimum number of children can be helped.
Persuader (ER): Will you consider a donation?
Persuadee (EE): I like to support organizations that are Christian based and help further the spread of the Gospel to all of God's children.
Persuadee (EE): Is this organization Christian or religious based?
Persuader (ER): It is in terms of values.
Persuader (ER): The majority of funds go directly to the basic care needs of children.
Persuader (ER): Many have a better opportunity at life because they are nourished.
Persuader (ER): What more can we do for the least of these?
Persuadee (EE): How does the organization go about determining who and where to support?
Persuader (ER): It is based entirely on need which is mostly in third world countries.
Persuader (ER): Will you consider donating your task payment to further God's children worldwide?
Persuader (ER): There is no greater service than to help.
Persuadee (EE): Maybe.
Persuadee (EE): In which countries do they serve?
Persuader (ER): They serve all African countries and all continents except Antartica.
Persuader (ER): Gods love knows no boundaries.
Persuader (ER): Please donate your fee to this important charity or at least part of it.
Persuader (ER): You will be blessed.
Persuader (ER): I just know it!
Persuadee (EE): How many children do you estimate are benefited?
Summary: In the conversation, ER introduces Save the Children to EE, explaining its mission to support underprivileged kids globally. ER, a volunteer, encourages EE to donate, highlighting the organization's values and impact. EE expresses interest but prefers Christian-based charities. ER emphasizes the organization's global reach and need-based support, urging EE to consider donating. EE inquires about the number of children benefited, while ER continues to advocate for donations.",0,1,False,0.52880859375
20180826-013529_897_live,1,"You are helping analyze a persuasion conversation. Predict whether the persuadee will make a donation on the spot at the end of this conversation. Provide your answer in the format 'DONATION: YES/NO'

Conversation:
Persuader (ER): Hey, do some good, give some money to kids.
Persuadee (EE): Sure.I would be glad to. How much money do you think I should give?
Persuader (ER): oh, could you afford maybe fifteen cents?
Persuadee (EE): I can afford $5.00
Persuader (ER): that sounds pretty good, I would definitely accept that
Persuadee (EE): How much would you donate?
Persuader (ER): well, I'll match your 5.00, does that sound cool?
Persuadee (EE): Yeah, that sounds great. I love donating to charity. I think it is important to help those less fortunate.
Persuader (ER): yes there are so many in terrible need
Persuadee (EE): I donate a portion of my paychecks to feed the children. Do you have a favorite charity?
Persuader (ER): yes I like to give to doctors without borders, they risk their lives to go where they are most needed
Summary: Two people discuss donating to charity. ER suggests giving money to help kids, and EE agrees to donate $5. ER offers to match this amount. EE mentions regularly donating to ""Feed the Children,"" while ER prefers ""Doctors Without Borders"" for their humanitarian efforts. Both express the importance of helping those in need.",1,1,True,0.8017578125
20180826-020520_686_live,1,"You are helping analyze a persuasion conversation. Predict whether the persuadee will make a donation on the spot at the end of this conversation. Provide your answer in the format 'DONATION: YES/NO'

Conversation:
Persuader (ER): Hello!
Persuader (ER): What if i told you that you have the opportunity of a lifetime to make a change in the world?
Persuader (ER): Would you take it?
Persuadee (EE): i will like to know about the opportunity first
Persuader (ER): Well, the opportunity would be able to help fight world hunger by donating to Save the Children.
Persuader (ER): Would you do it now?
Persuadee (EE): powerful people cause war and war cause hunger, and we average people sit on our chair try to donate some money to the poor
Persuader (ER): It benefits every where not just war torn countries
Persuadee (EE): i get that.
Persuader (ER): The best part is knowing that you can help make a change in a person's life who is currently unable to financially
Persuadee (EE): yeah i know how donation works.
Persuadee (EE): I have 300000 immigrants in my country.
Persuadee (EE): we helping a person to better their life this is what we humans do
Persuader (ER): Actually, it is a lot more than that because the ""true"" Americans are the Native Indians.
Persuader (ER): Everyone else came from Europe or Africa
Persuadee (EE): where do you came from?
Persuader (ER): So in hindsight we are all immigrants who need a little charity from time to time.
Persuadee (EE): charity is a bad for that.
Persuader (ER): Have you ever made a donation that you have been proud to be a part of?
Persuadee (EE): yeah i did.
Summary: The conversation revolves around ER encouraging EE to donate to Save the Children to help fight world hunger. EE expresses skepticism about the effectiveness of donations, citing global issues like war and immigration. ER emphasizes the broader impact of donations beyond war-torn areas and suggests that everyone, being immigrants in some sense, might need charity. EE acknowledges understanding how donations work and shares having made a donation they were proud of.",0,1,False,0.89794921875
20180826-044626_167_live,1,"You are helping analyze a persuasion conversation. Predict whether the persuadee will make a donation on the spot at the end of this conversation. Provide your answer in the format 'DONATION: YES/NO'

Conversation:
Persuader (ER): Morning!
Persuader (ER): Have you considered donating to Save the Children?
Persuader (ER): It's a great organization and doesn't cost much to help a child in need.
Persuadee (EE): I have not.
Persuadee (EE): I am not sure I know what Save the Children is.
Persuader (ER): It's an  international non-governmental organization that promotes children's rights, provides relief and helps support children in developing countries.
Persuader (ER): It has done wonderful things and is a big part of many organizations employee giving drives.
Persuadee (EE): Oh cool.
Persuadee (EE): Do they help people here in the USA?
Persuader (ER): Right now they're concentrating at an international level.
Persuader (ER): Did you know that in the first two months of 2018, over 1,000 children were reportedly killed or injured in Syria alone?
Persuader (ER): They also appeal to stop hunger issues abroad.
Persuadee (EE): Yes, I know about Syria.
Persuadee (EE): I know hunger is a big issue for a lot of people in other countries.
Persuadee (EE): Do they provide food for these people?
Persuader (ER): They provide whatever is needed.
Persuader (ER): AND, in relation to the US, they are currently working on the Hurricane Lane situation in Hawaii.
Persuader (ER): They are also big on sending girls to schools in other countries.
Persuadee (EE): Sounds like they do a lot of different things for people.
Persuader (ER): Yes. it's a great organization.
Persuader (ER): You can find out more if you'd like.
Persuader (ER): I can give you their website.
Persuader (ER): How much would you be willing to donate?
Persuadee (EE): I am not sure yet. What is their website?
Persuader (ER): URL  Any amount of would be appreciated.
Persuader (ER): They can do a lot of things with your donation.
Persuadee (EE): I will look at the website.
Persuadee (EE): Is the donation tax deductible?
Summary: The conversation involves ER encouraging EE to donate to Save the Children, an international NGO focused on children's rights and relief efforts, particularly in developing countries. EE is unfamiliar with the organization and asks questions about its activities, including its work in the USA and abroad. ER provides information and offers the organization's website for further details, while EE considers the possibility of donating and inquires about tax deductions.",0,0,True,0.51708984375
20180826-054028_444_live,1,"You are helping analyze a persuasion conversation. Predict whether the persuadee will make a donation on the spot at the end of this conversation. Provide your answer in the format 'DONATION: YES/NO'

Conversation:
Persuader (ER): Good Morning!
Persuader (ER): How are you today?
Persuadee (EE): I am good.
Persuadee (EE): It's really nice outside where I am so I am sitting outdoors.
Persuadee (EE): How are you
Persuader (ER): Oh, that sounds nice.
Persuader (ER): I am well. It looks nice here today as well.
Persuader (ER): What are your plans today?
Persuadee (EE): I have to go to work at 11:30-6.
Persuadee (EE): But its ok, I work every Sunday.
Persuadee (EE): So we are supposed to chat about a children's charity.
Persuadee (EE): What are your feelings?
Persuader (ER): Yes, I was just reading about the charity myself.
Persuader (ER): I was going to make a plea and ask if you would be willing to donate to Save the Children.
Persuader (ER): It helps kids in need.
Persuader (ER): I would hate to think a child would die with no food when I could ask people to help.
Persuader (ER): Can you donate part of today's pay?
Persuader (ER): Even a bit?
Persuadee (EE): It's so sad to me that anyone should go without food in our modern world.
Persuadee (EE): So I would definitely be willing to help.
Persuader (ER): Yes, I agree, it is sad.
Persuader (ER): That is great that you can help!
Persuader (ER): How much of today's pay can you give?
Persuader (ER): Also, please include the $ sign with your pledge.
Persuader (ER): Thank you!
Persuadee (EE): I think the bonus of today is 2 dollars so maybe if we both give half of it?
Persuadee (EE): That is at least something.
Persuadee (EE): I only wish that our Government would help the poor more than they do.
Persuadee (EE): What do you think?
Persuader (ER): I would love to help as well.
Persuader (ER): Can you pledge with the $ sign in your next reply.
Persuader (ER): Also, I agree, the gov't should do more.
Persuader (ER): And thanks for asking me too.
Persuadee (EE): So lets agree we both can give $1 of of bonus.
Persuader (ER): I would say that is a wonderful idea.
Persuader (ER): If you are willing to give then I will too!
Persuadee (EE): Nice!!!
Summary: The conversation involves two people, ER and EE, discussing their day and plans to support a children's charity, Save the Children. EE is working later but is willing to donate part of their pay. ER suggests both donate $1 from their bonus. They express sadness about child hunger and agree that the government should do more to help the poor. Both commit to donating, showing mutual support for the cause.",1,0,False,0.73291015625
20180826-064412_288_live,1,"You are helping analyze a persuasion conversation. Predict whether the persuadee will make a donation on the spot at the end of this conversation. Provide your answer in the format 'DONATION: YES/NO'

Conversation:
Persuader (ER): Hi.
Persuader (ER): Would you consider donating to Save the Children?
Persuadee (EE): I might consider
Persuader (ER): Okay that's a start.
Persuader (ER): Well Save the Children is a very reputable organization and your donation would be used for a good purpose.
Persuadee (EE): do you donate?
Persuader (ER): No, honestly I don't but I would feel like my money would go to a good cause if I were to
Persuadee (EE): I appreciate your honesty
Persuader (ER): We could all do better, I suppose.
Persuader (ER): These organizations only ask for a small amount that we may spend on coffee each day or snacks we don't need.
Persuadee (EE): I hear you.
Persuadee (EE): I do believe in donations, but my only worry is that the money doesn't go to where I think it is going.
Persuadee (EE): I prefer to volunteer is I can
Persuader (ER): That's a good idea actually, that way you know for sure your efforts are helping.
Persuadee (EE): But the places I do donate are often revolved around helping children, so this is a great organization
Persuader (ER): It only takes pocket change for us to help out.
Persuadee (EE): I agree.
Persuadee (EE): you never know who you could be helping
Persuader (ER): Do your family or friends donate to such causes?
Summary: The conversation revolves around ER encouraging EE to donate to Save the Children, highlighting its reputation and the impact of small contributions. EE expresses concerns about donation transparency and prefers volunteering but acknowledges the importance of helping children. ER appreciates EE's perspective and asks if EE's family or friends donate to similar causes.",0,0,True,0.9462890625
20180826-173836_197_live,1,"You are helping analyze a persuasion conversation. Predict whether the persuadee will make a donation on the spot at the end of this conversation. Provide your answer in the format 'DONATION: YES/NO'

Conversation:
Persuader (ER): Hi, How are you today?
Persuadee (EE): Hi!
Persuadee (EE): I'm great, how are you?
Persuader (ER): I'm terrific!
Persuader (ER): I wanted to talk to you today about a charity I am really involved in
Persuadee (EE): Okay, please tell me about the charity.
Persuader (ER): This charity is called Save the Children and is an international non-governmental organization that promotes children's rights, provides relief and helps support children in developing countries.
Persuader (ER): Do you ever donate to charity organizations?
Persuadee (EE): I almost never donate.
Persuadee (EE): Do you?
Persuader (ER): I definitely do if I believe in the mission of the organization.
Persuader (ER): This particular organization is helping the future of our world by ensuring that children's rights are protected all over
Persuadee (EE): That sounds really great.
Persuadee (EE): I would be willing to donate to this organization.
Persuader (ER): That's amazing!
Persuader (ER): How much would you like to donate to the charity now?
Persuader (ER): Your donation would be directly deducted from your task payment.
Persuader (ER): You can choose any amount!
Persuadee (EE): I'd like to donate $0.50
Persuader (ER): That is fantastic, thank you!
Persuader (ER): The researchers running this task will make sure that the organization receives your donation!
Persuadee (EE): Awesome!
Persuadee (EE): So how exactly does the organization ensure that children's rights are protected?
Summary: ER and EE discuss a charity called Save the Children, which focuses on children's rights and support in developing countries. ER, who is involved with the charity, encourages EE to donate. EE agrees to donate $0.50, which will be deducted from their task payment. EE expresses interest in learning more about how the organization protects children's rights.",0,0,True,0.693359375
20180826-174957_757_live,1,"You are helping analyze a persuasion conversation. Predict whether the persuadee will make a donation on the spot at the end of this conversation. Provide your answer in the format 'DONATION: YES/NO'

Conversation:
Persuader (ER): I think out of all charities saving the children is most important one as children make the future.
Persuader (ER): Hope you agree
Persuadee (EE): I definitely agree
Persuader (ER): this is good as you agree with opinion as everyone should do the same
Persuadee (EE): Yes - providing funding for children is a top priority, whatever the need may be
Persuader (ER): I usually put some money for this cause yearly
Persuadee (EE): What kind of children's charities do you think are the most important?
Persuader (ER): I think children below the poverty line is most important
Persuadee (EE): Yes - someone needs to be looking out for those children!
Persuader (ER): I say, if you have enough than give to others
Persuader (ER): basic education is very important to have a good future
Persuadee (EE): Important to make sure their basic needs are met too -- food, clothing and shelter
Persuader (ER): what is the good amout you think
Persuadee (EE): It depends, should this be a monthly donation or annual?
Persuader (ER): annually one time payment
Summary: The conversation revolves around the importance of supporting children's charities, particularly those aiding children below the poverty line. Both participants agree on the significance of funding such causes, emphasizing basic education and essential needs like food, clothing, and shelter. They discuss the idea of making annual donations, with ER sharing their practice of contributing yearly and seeking EE's opinion on an appropriate donation amount.",1,1,True,0.96875
20180826-180009_407_live,1,"You are helping analyze a persuasion conversation. Predict whether the persuadee will make a donation on the spot at the end of this conversation. Provide your answer in the format 'DONATION: YES/NO'

Conversation:
Persuader (ER): Hi!
Persuader (ER): Have you heard of an organization called Save the Children?
Persuadee (EE): I think I have once before, in a grocery store I believe
Persuader (ER): Do you mind if i give you a little information about them?
Persuadee (EE): Sure, go ahead
Persuader (ER): Just some ver basic info, Save the Children is an international non-governmental organization that promotes children's rights, provides relief and helps support children in developing countries.
Persuadee (EE): Are they a non profit organization?
Persuader (ER): Yes they are!
Persuader (ER): They work 100% on donated funds.
Persuader (ER): There is  a lack of support for children in developing countries, especially in war zones.
Persuader (ER): For instance, millions of Syrian children have grown up facing the daily threat of violence.
Persuader (ER): In the first two months of 2018 alone, 1,000 children were reportedly killed or injured in intensifying violence.
Persuader (ER): Your donation can address such problems.
Persuadee (EE): Oh wow, shocking news.
Persuadee (EE): Do you know how many children have been helped due to this organization?
Persuader (ER): According t0 their yearend report they were able to reach 155 million children.
Persuader (ER): Over 200k of those kids were in the US.
Persuadee (EE): Thats awesome!
Persuadee (EE): Are you apart of this organization or just support them?
Persuader (ER): I am just a supporter but I would like to ask how much do you like to donate to the charity?
Summary: In this conversation, ER introduces Save the Children, an international non-profit organization focused on children's rights and relief in developing countries, to EE. ER shares shocking statistics about the plight of children in war zones and highlights the organization's impact, reaching 155 million children. ER, a supporter of the organization, inquires if EE would like to donate to the cause.",0,1,False,0.68359375
20180826-180300_663_live,1,"You are helping analyze a persuasion conversation. Predict whether the persuadee will make a donation on the spot at the end of this conversation. Provide your answer in the format 'DONATION: YES/NO'

Conversation:
Persuader (ER): Good afternoon/evening
Persuadee (EE): Hello
Persuader (ER): Looks like there might be a bonus coming at the end of this HIT, have you got any plans for the money?
Persuadee (EE): Nope, what do you recommend?
Persuader (ER): I read a lot about the Save the Children charity before I came in here.
Persuader (ER): I hope that more people will donate a portion of their income.
Persuader (ER): Even small amounts will definitely help
Persuadee (EE): What's Save the Children all about?
Persuader (ER): They provide relief and support to children in developing nations, especially the millions of kids who are at risk in Syria.
Persuader (ER): They are a charity we can trust, so I think we all should do our part to help the less fortunate
Persuadee (EE): Do they provide for the millions of hungry kids here in the USA?
Persuader (ER): They concentrate on developing countries, but, personally, I think that there is just as great a need abroad as there is at home
Persuadee (EE): Yeah, i think an American charity should focus on America too
Persuader (ER): That's true, but we're all in this together, as they say.
Persuader (ER): People far away need help just as much as people close to us.
Persuader (ER): You could even take the money that you want to give to charity and split it in half among American and international relief agencies
Persuadee (EE): That would work best for me.
Persuadee (EE): That way i know where my money is going.
Persuadee (EE): Is there a minimum to donate?
Persuader (ER): No, there is no minimum that I've ever heard of.
Persuader (ER): They know that any small amount can help.
Persuadee (EE): That's great!
Persuadee (EE): Is there a website where i can donate?
Persuader (ER): I'm glad to hear it!
Persuader (ER): Save the Children do have a website at  URL
Persuader (ER): You can learn more about them there, but there's an easier way to donate
Persuadee (EE): What is the easier way?
Persuader (ER): The researchers behind this HIT are gathering up donations so that they can give the money to the charity all at once.
Summary: In this conversation, two individuals discuss potential uses for a bonus, with one suggesting donating to Save the Children, a charity aiding children in developing nations. They discuss the charity's focus on international relief and the possibility of splitting donations between American and international causes. The conversation concludes with information on how to donate, including through the researchers organizing the HIT.",0,0,True,0.9833984375
20180826-190151_488_live,1,"You are helping analyze a persuasion conversation. Predict whether the persuadee will make a donation on the spot at the end of this conversation. Provide your answer in the format 'DONATION: YES/NO'

Conversation:
Persuader (ER): Hello!
Persuader (ER): How are you tonight?
Persuadee (EE): I'm doing very well.
Persuadee (EE): How are you?
Persuader (ER): I am good thank you.
Persuader (ER): Have you heard of Save the Children?
Persuadee (EE): Yes, I have!
Persuadee (EE): Is it a charity that you are interested in?
Persuader (ER): Children are our future and I believe in charities helping children.
Persuadee (EE): So do I.
Persuadee (EE): Do you regularly donate your time or money to Save the Children?
Persuader (ER): I do donate to Save the children a lot.
Persuader (ER): Do you make donations?
Persuadee (EE): I haven't yet, but I am thinking about doing so in the future.
Persuader (ER): Check out  URL
Persuader (ER): It is a great site and you can also make donations on their website.
Persuadee (EE): Thanks for the information.
Persuadee (EE): What are your donations used for?
Persuader (ER): The donations I make go for what ever childrens funding needed.
Persuader (ER): Would you care to donate at the end of the task?
Persuadee (EE): Sure.
Persuadee (EE): would be happy to donate.
Summary: Two individuals discuss their mutual interest in the charity Save the Children. ER regularly donates to the organization and encourages EE to consider donating as well. ER provides a URL for more information and suggests that EE donate at the end of their task, to which EE agrees.",0,1,False,0.8515625
20180826-193546_146_live,1,"You are helping analyze a persuasion conversation. Predict whether the persuadee will make a donation on the spot at the end of this conversation. Provide your answer in the format 'DONATION: YES/NO'

Conversation:
Persuader (ER): How much would you like to the Save the Children foundation?
Persuadee (EE): tell me more
Persuader (ER): Well Save the Children is an international non-governmental organization that promotes children's rights, provides relief and helps support children in developing countries.
Persuadee (EE): ok cool is there a website?
Persuader (ER): Yes it is  URL
Persuadee (EE): ok will check it out
Persuader (ER): So how much would you say that you would donate?
Persuadee (EE): what would you suggest?
Persuader (ER): I suggest that you do $25 it would really help out a child
Persuadee (EE): ok $25 sounds ok
Persuader (ER): What you are doing is really good.
Persuader (ER): Do you have questions?
Persuadee (EE): anything else i should know
Summary: The conversation involves a representative (ER) discussing a donation to the Save the Children foundation with a potential donor (EE). ER explains the organization's mission and suggests a $25 donation. EE agrees to this amount and plans to visit the website for more information. ER praises EE's decision and asks if there are any further questions.",0,0,True,0.703125
20180827-034056_964_live,1,"You are helping analyze a persuasion conversation. Predict whether the persuadee will make a donation on the spot at the end of this conversation. Provide your answer in the format 'DONATION: YES/NO'

Conversation:
Persuader (ER): hi.
Persuader (ER): Dpo you about Save the Children organizatio
Persuadee (EE): Do I what with save the children
Persuader (ER): save the children organization takes cares of children around the world
Persuadee (EE): OK yes I am aware of this organization
Persuader (ER): Its very important what they do.
Persuader (ER): Do oyu agree?
Persuadee (EE): NO I do not agree.
Persuadee (EE): I think it is a good organization.
Persuadee (EE): however there are lots of kids in my ocuntry that need help first
Persuader (ER): Where do you live and what are you doing to help the children?
Persuadee (EE): I live in the US and volunteer all of the time for childrens charities.
Persuadee (EE): I also ive to bakc to school drives and food pantries
Persuader (ER): Thats very kind of you.
Persuader (ER): There are many kids that still needs help in other parts of the world
Persuadee (EE): Thats not my problem they have people in that country
Persuader (ER): There are many that lives in war zones with no access to food.
Persuadee (EE): Again not my issue
Summary: The conversation is about the ""Save the Children"" organization. ER emphasizes its global importance, while EE acknowledges its value but prioritizes helping children in the U.S. EE volunteers locally and believes other countries should address their own issues. ER highlights the dire situations in war zones, but EE maintains their stance.",0,0,True,0.96240234375
20180827-034916_910_live,1,"You are helping analyze a persuasion conversation. Predict whether the persuadee will make a donation on the spot at the end of this conversation. Provide your answer in the format 'DONATION: YES/NO'

Conversation:
Persuader (ER): Hi there!
Persuader (ER): How are you today?
Persuadee (EE): I am fine how are you?
Persuader (ER): I am doing really great.
Persuader (ER): What are your plans for the day?
Persuadee (EE): well I have to go to work in a little while here how about you?
Persuader (ER): Ah, yes.
Persuader (ER): Same here.
Persuader (ER): That is why I am up so early.
Persuader (ER): I have to go into the office, do you as well, or can you work from home?
Persuadee (EE): I  work in an office setting as well, I guess we are to talk about childrens charity's.
Persuadee (EE): Do you donate to any on a regular base?
Persuader (ER): I was just getting ready to ask you if you would be willing to donate some of today's payment to Save the Children.
Persuader (ER): Even a little would help.
Persuader (ER): How much would you be able to spare?
Persuadee (EE): I usually like to donate to more local charities, this way it seems safer to actually go where it is needed and it is for poor homeless kids around my own area
Persuader (ER): Well this is a great one.
Persuader (ER): They are helping everywhere.
Persuader (ER): You can offer even the smalles amount from today's pay, like $0.05.
Persuader (ER): Can You help?
Persuadee (EE): I could maybe help can you tell me more about it where is it based out of and how much will actually be used for the cause?
Persuader (ER): STC is based out of CT.
Persuader (ER): The money goes toward saving kids from starving and providing essentials.
Persuader (ER): Can I count on you today?
Persuadee (EE): do you work for them directly how did you get involved in this?
Persuader (ER): I got involved with thei website.
Persuader (ER): After knowing how hard they work I was really impressed.
Persuader (ER): They are already helping the kids affected by the flooding in Hawaii.
Summary: Two individuals, ER and EE, discuss their workday plans and the topic of charitable donations. ER suggests donating to Save the Children, explaining its impact and asking if EE is willing to contribute. EE expresses a preference for local charities but shows interest in learning more about Save the Children. ER shares details about the organization and its efforts, particularly in Hawaii, and asks if EE can contribute.",1,1,True,0.630859375
20180827-050740_909_live,1,"You are helping analyze a persuasion conversation. Predict whether the persuadee will make a donation on the spot at the end of this conversation. Provide your answer in the format 'DONATION: YES/NO'

Conversation:
Persuader (ER): Hi!
Persuader (ER): How are you today?
Persuadee (EE): Feeling great.
Persuadee (EE): Just got back from the gym
Persuader (ER): nice!
Persuader (ER): I would like talk to you about a charity today.
Persuader (ER): Do you donate at all?
Persuadee (EE): I'm pretty poor.
Persuadee (EE): If I have money I try to donate to charities that I like.
Persuader (ER): I am in the same boat.
Persuader (ER): Have you heard of Save the Children?
Persuadee (EE): No.
Persuadee (EE): I don't believe I have.
Persuader (ER): It's an organization that raises money for children all over the world in need, such as children from war torn countries like syria
Persuadee (EE): I would not be interested in a charity that only targets children.
Persuader (ER): See, I believe that the children are our future.
Persuader (ER): If we don't help them now, they won't have the life they deserve.
Persuader (ER): One could be the next president or something!
Persuadee (EE): I've lived for 76 years and have only experienced two reasonably good presidents.
Persuadee (EE): The way things are going I don't expect to experience any thing close to that again.
Persuader (ER): Ha, well maybe not the best example currently...
Persuader (ER): but a few cents can go a long way
Persuadee (EE): My few cents would never go toward a children's charity.
Persuadee (EE): If I have anything it will go to homeless shelters, food pantries and environmental causes.
Summary: ER and EE discuss charitable donations. ER introduces the charity ""Save the Children,"" which supports children in need globally. EE expresses disinterest in donating to children's charities, preferring to support homeless shelters, food pantries, and environmental causes instead. ER emphasizes the importance of helping children as they are the future, while EE remains skeptical about the impact of such donations.",0,1,False,0.990234375
20180828-151914_101_live,1,"You are helping analyze a persuasion conversation. Predict whether the persuadee will make a donation on the spot at the end of this conversation. Provide your answer in the format 'DONATION: YES/NO'

Conversation:
Persuader (ER): Hello, I would like to talk to you about making a donation to Save the Children
Persuadee (EE): Okay, if you don
Persuader (ER): Your donation will help to ensure children's rights to healthcare, education, safety, etc
Persuadee (EE): Does this money that goes for donation stay here in the United States?
Persuader (ER): No, not all of it will stay in the United states
Persuadee (EE): Is there a specific age or race of children that Save the Children are looking to benefit?
Persuader (ER): No, they don't have any prejudice like that, it's strictly to help children in general who are in need
Persuadee (EE): This allows doctors to go to other countries?
Persuadee (EE): I am trying to understand how it is decided what child in need gets the help.
Persuader (ER): This link will give you all the information you seek  URL
Persuadee (EE): Okay I will be sure and research the organization to better understand.
Persuader (ER): Ok Great, How much would you like to donate to the charity now?
Persuader (ER): Your donation will be directly deducted from your task payment.
Persuader (ER): You can choose any amount from $0 to all of your payment ($2).
Summary: The conversation involves a representative (ER) discussing a potential donation to Save the Children with an employee (EE). The representative explains that donations support children's rights globally, not just in the U.S., and are not limited by age or race. The employee seeks clarification on how aid is allocated and plans to research further. The representative encourages a donation, which can be deducted from the employee's payment.",1,0,False,0.97802734375
20180903-111245_955_live,1,"You are helping analyze a persuasion conversation. Predict whether the persuadee will make a donation on the spot at the end of this conversation. Provide your answer in the format 'DONATION: YES/NO'

Conversation:
Persuader (ER): Hello, have you heard of Save The Children?
Persuadee (EE): I think so, it sounds familiar.
Persuadee (EE): it is a nonprofit charity if i recall.
Persuadee (EE): What exactly do they do?
Persuader (ER): Save The Children helps kids from around the world by taking contributions from generous patrons. Kids from countries that have been stricken by poverty, violence, and other blights.
Persuadee (EE): What countries has the charity worked in recently?
Persuader (ER): Well, we have programs set up in 120 countries in total right now.
Persuader (ER): Some of our most recent campaigns involve Myanmar - in Rohingya where parents and their children have been forced to flee because of violence to surrounding countries. In the largest refugee camp stationed in Bangladesh, there are an estimated 915,000 children and adults taking shelter.
Persuadee (EE): Wow that sounds like a really robust program.
Persuadee (EE): How long has Save the Children been around?
Persuader (ER): It was founded in 1919, on April 15th in London - UK.
Persuadee (EE): Do you work for Save the Children or do you just volunteer for the charity?
Persuader (ER): I do not work for them, I work on behalf of them.
Persuader (ER): That is why I'm talking to you today.
Persuader (ER): These children need help, and could use it from generous people like you.
Persuader (ER): A meal, an education, an opportunity like everyone else, that is all these kids want.
Persuader (ER): Even one cent will add up to help a child in need, but if you wish you may donate up to 2 dollars.
Persuader (ER): For every cent you donate it will come directly from your task payment.
Persuadee (EE): I love to help charities that serve a good cause and I would love to donate but I do have one question.
Persuadee (EE): What is the portion of donations that goes to children versus the portion that goes to administration or other expenses
Persuader (ER): Sure, absolutely. In 2017, 86% went to Program services - or services that directly help aid these children. 9% went towards fundraising efforts, and 5% went towards our Management & other general costs. In 2018 we anticipate similar numbers.
Persuadee (EE): That's pretty impressive!
Persuadee (EE): Not too many charities can claim such a strong commitment to the cause.
Persuader (ER): We do it for them, not for ourselves.
Persuader (ER): And we hope our numbers reflect that amount of love and effort that goes toward what we do.
Persuadee (EE): I'd be willing to donate $1 to Save the Children.
Summary: In this conversation, ER introduces Save The Children, a nonprofit charity aiding children worldwide affected by poverty and violence. They discuss the charity's recent work in Myanmar and Bangladesh and its history since 1919. ER explains the allocation of donations, with 86% going to program services. EE expresses interest in donating, impressed by the charity's commitment, and agrees to contribute $1.",1,1,True,0.56640625
20180903-134122_237_live,1,"You are helping analyze a persuasion conversation. Predict whether the persuadee will make a donation on the spot at the end of this conversation. Provide your answer in the format 'DONATION: YES/NO'

Conversation:
Persuader (ER): Donate to Save the Children, please.
Persuader (ER): Think about those poor kids.
Persuadee (EE): Well tell me a little bit more about the charity.
Persuader (ER): It's really all in the name.
Persuader (ER): You have a moral responsibility.
Persuadee (EE): A lot of charities are just a name and they don't do what they promise.
Persuadee (EE): How do I know my money will go where it supposed to?
Persuader (ER): They're a world-famous trustworthy charity.
Persuader (ER): If they were fraudulent or misallocating funds, surely there'd have been a scandal.
Persuadee (EE): Ok.
Persuadee (EE): So why do they deserve my money as opposed to other charities like St Judes or the Red Cross>
Persuader (ER): Of course you can donate to other charities.
Persuader (ER): It's not necessarily a zero-sum game.
Persuader (ER): I can tell you, however, that Save the Children is, in a way, more immediate in helping people (as opposed to fighting disease like St Jude's) and delivers services similar to the Red Cross, but directed toward children.
Persuader (ER): So, please: think of the children!
Persuadee (EE): Do they help kids in the US?
Persuadee (EE): I like to help people that are close to home.
Persuader (ER): Their assistance is directed toward children in developing countries, where, unlike most of the US, children are totally deprived of opportunity and basic services.
Persuader (ER): Though you, being the generous person you are, like helping those at home, is there a reason not to help children abroad?
Persuadee (EE): I don't mind helping those abroad.
Persuadee (EE): But there are a lot kids here in the US who deal with poverty.
Persuadee (EE): So it's not that I don't care about the children elsewhere, just want to help those at home first.
Summary: In this conversation, ER is encouraging EE to donate to Save the Children, emphasizing the charity's focus on helping children in developing countries. EE expresses skepticism about charities and questions why Save the Children deserves support over others like St. Jude's or the Red Cross. EE also mentions a preference for helping children in the US, highlighting concerns about domestic poverty. ER argues for the importance of supporting children abroad, suggesting it's not a zero-sum game.",1,0,False,0.994140625
20180904-030739_178_live,1,"You are helping analyze a persuasion conversation. Predict whether the persuadee will make a donation on the spot at the end of this conversation. Provide your answer in the format 'DONATION: YES/NO'

Conversation:
Persuader (ER): Do you ever donate to charity?
Persuadee (EE): Yes, I support a few causes that I personally believe in very much.
Persuader (ER): Have you ever heard of Save the Children?
Persuadee (EE): Yes, but I don't know a lot about them.
Persuadee (EE): What is their mission?
Persuader (ER): Their mission is to promote children's rights, and provide relief and support to children in developing countries.
Persuadee (EE): That sounds interesting.
Persuadee (EE): What countries do they work in?
Persuader (ER): They work in many countries across the world.
Persuader (ER): For example, millions of children in Syria grow up facing the daily threat of violence.
Persuader (ER): A donation could help these children greatly.
Persuadee (EE): It sounds like it.
Persuadee (EE): Do you donate to this charity?
Persuader (ER): I do.
Persuader (ER): It is a great charity that does a lot of great work around the world.
Persuadee (EE): Some charities are run better than others.
Persuadee (EE): Do you know what Save the Children's reputation is for actually using the money it collects to help children versus for fundraising and administrative salaries?
Persuader (ER): The majority of all donations collected goes directly toward the mission of helping children in developing counties.
Summary: The conversation revolves around charitable donations, specifically focusing on the organization Save the Children. ER explains the charity's mission to promote children's rights and provide relief in developing countries. EE expresses interest and inquires about the organization's reputation for effectively using donations. ER assures EE that most donations go directly toward helping children rather than administrative costs.",0,0,True,0.7353515625
